project,module,commit,path_test,test_name,path_src,class_name,mutation,no_mutations,line_coverage,AssertionRoulette,EagerTest,LazyTest,MysteryGuest,SensitiveEquality,ResourceOptimism,ForTestersOnly,IndirectTesting,LOC_prod,HALSTEAD_prod,RFC_prod,CBO_prod,MPC_prod,IFC_prod,DAC_prod,DAC2_prod,LCOM1_prod,LCOM2_prod,LCOM3_prod,LCOM4_prod,CONNECTIVITY_prod,LCOM5_prod,COH_prod,TCC_prod,LCC_prod,ICH_prod,WCM_prod,NOA_prod,NOPA_prod,NOP_prod,McCABE_prod,LOC_test,HALSTEAD_test,RFC_test,CBO_test,MPC_test,IFC_test,DAC_test,DAC2_test,LCOM1_test,LCOM2_test,LCOM3_test,LCOM4_test,CONNECTIVITY_test,LCOM5_test,COH_test,TCC_test,LCC_test,ICH_test,WCM_test,NOA_test,NOPA_test,NOP_test,McCABE_test,csm_CDSBP,csm_CC,csm_FD,csm_Blob,csm_SC,csm_MC,csm_LM,csm_FE,prod_readability,test_readability
commons-dbutils,,9be04e5cc990deee3ba672aa8060c523db897b7a,/home/dorma10/mutation-analysis/projects/commons-dbutils/src/test/java/org/apache/commons/dbutils/AsyncQueryRunnerTest.java,org.apache.commons.dbutils.AsyncQueryRunnerTest,/home/dorma10/mutation-analysis/projects/commons-dbutils/src/main/java/org/apache/commons/dbutils/AsyncQueryRunner.java,org.apache.commons.dbutils.AsyncQueryRunner,0.5980392156862745,102.0,0.8787878787878788,False,True,False,False,False,False,False,False,691,3560.0039193558787,107,8,66,66,2,2,54,0,766,766,0.9307692307692308,11,0.7439024390243902,0,0,0.0,41,2,0,2,149,513,1571.994482934836,231,23,189,189,8,8,487,113,374,392,0.4280487804878049,4,0.28273809523809523,0,0,0.0,42,8,0,0,98,False,False,False,True,False,False,False,False,0.8289673937127945,0.6821049217666898
commons-dbutils,,9be04e5cc990deee3ba672aa8060c523db897b7a,/home/dorma10/mutation-analysis/projects/commons-dbutils/src/test/java/org/apache/commons/dbutils/ResultSetIteratorTest.java,org.apache.commons.dbutils.ResultSetIteratorTest,/home/dorma10/mutation-analysis/projects/commons-dbutils/src/main/java/org/apache/commons/dbutils/ResultSetIterator.java,org.apache.commons.dbutils.ResultSetIterator,0.5652173913043478,46.0,0.5909090909090909,True,True,False,False,False,False,False,False,141,1016.772638245096,16,3,8,8,2,2,7,0,21,24,0.8095238095238095,4,0.5625,0,0,0.0,8,2,0,2,25,81,299.22520735444266,16,5,13,13,0,0,3,3,0,0,-2.0,0,0.0,0,0,0.0,3,0,0,0,5,False,False,False,False,False,False,False,False,0.9334662780165672,0.5724230806032816
commons-dbutils,,9be04e5cc990deee3ba672aa8060c523db897b7a,/home/dorma10/mutation-analysis/projects/commons-dbutils/src/test/java/org/apache/commons/dbutils/QueryRunnerTest.java,org.apache.commons.dbutils.QueryRunnerTest,/home/dorma10/mutation-analysis/projects/commons-dbutils/src/main/java/org/apache/commons/dbutils/QueryRunner.java,org.apache.commons.dbutils.QueryRunner,0.5165165165165165,666.0,0.8604651162790697,True,True,False,False,False,False,False,False,950,4285.138000320033,135,9,94,94,0,0,820,820,0,90,0.0641025641025641,0,0.0,0,0,0.0,41,0,0,0,182,1054,3252.266933328325,407,30,332,332,11,11,1579,383,1196,1225,0.4261384672343577,5,0.2145454545454545,0,0,0.0,75,11,0,0,180,False,False,False,True,False,False,False,True,0.7534378956003887,0.6932143727662387
commons-dbutils,,9be04e5cc990deee3ba672aa8060c523db897b7a,/home/dorma10/mutation-analysis/projects/commons-dbutils/src/test/java/org/apache/commons/dbutils/GenerousBeanProcessorTest.java,org.apache.commons.dbutils.GenerousBeanProcessorTest,/home/dorma10/mutation-analysis/projects/commons-dbutils/src/main/java/org/apache/commons/dbutils/GenerousBeanProcessor.java,org.apache.commons.dbutils.GenerousBeanProcessor,0.8776978417266187,139.0,1.0,True,False,False,False,False,False,True,False,73,433.1157099881149,10,4,8,8,0,0,1,1,0,0,-2.0,0,0.0,0,0,0.0,2,0,0,0,7,156,489.45325952827284,35,9,30,30,3,3,0,0,10,10,1.0,0,0.8666666666666667,0,0,0.0,5,3,0,0,11,False,False,False,False,False,False,False,False,0.8585867881774902,0.7613499462604523
commons-dbutils,,9be04e5cc990deee3ba672aa8060c523db897b7a,/home/dorma10/mutation-analysis/projects/commons-dbutils/src/test/java/org/apache/commons/dbutils/BeanProcessorTest.java,org.apache.commons.dbutils.BeanProcessorTest,/home/dorma10/mutation-analysis/projects/commons-dbutils/src/main/java/org/apache/commons/dbutils/BeanProcessor.java,org.apache.commons.dbutils.BeanProcessor,0.6138433515482696,549.0,0.5703703703703704,True,True,False,False,False,False,False,False,540,4736.600201990929,73,17,58,58,5,5,103,101,2,19,0.054945054945054944,3,0.09333333333333334,0,0,0.0,15,5,0,4,77,189,588.8224764456124,38,7,33,33,1,1,0,0,10,10,1.0,0,1.0,0,0,0.0,5,1,0,1,13,False,False,False,False,False,True,False,True,0.7772167762120564,0.8200799794424147
commons-dbutils,,9be04e5cc990deee3ba672aa8060c523db897b7a,/home/dorma10/mutation-analysis/projects/commons-dbutils/src/test/java/org/apache/commons/dbutils/QueryLoaderTest.java,org.apache.commons.dbutils.QueryLoaderTest,/home/dorma10/mutation-analysis/projects/commons-dbutils/src/main/java/org/apache/commons/dbutils/QueryLoader.java,org.apache.commons.dbutils.QueryLoader,0.8913043478260869,46.0,0.9565217391304348,True,True,False,False,False,False,False,False,143,1242.2933943993542,15,6,10,10,2,2,9,8,1,2,-0.3333333333333333,2,0.26666666666666666,0,0,0.0,5,3,0,3,16,56,260.7589890688906,16,2,14,14,1,1,1,1,0,0,-2.0,1,0.5,0,0,0.0,2,1,0,1,5,False,False,False,False,False,False,False,False,0.9290276527404784,0.5168671011924744
commons-dbutils,,9be04e5cc990deee3ba672aa8060c523db897b7a,/home/dorma10/mutation-analysis/projects/commons-dbutils/src/test/java/org/apache/commons/dbutils/OutParameterTest.java,org.apache.commons.dbutils.OutParameterTest,/home/dorma10/mutation-analysis/projects/commons-dbutils/src/main/java/org/apache/commons/dbutils/OutParameter.java,org.apache.commons.dbutils.OutParameter,0.4157303370786517,89.0,0.8695652173913043,True,True,False,False,False,False,False,False,142,1250.584776389637,13,2,4,4,3,3,9,0,27,27,0.6785714285714286,2,0.5925925925925926,0,0,0.0,9,3,0,3,25,78,194.39249617446686,24,12,20,20,4,3,0,0,6,6,1.0,0,0.8125,0,0,0.0,4,4,0,2,11,False,False,False,False,False,False,False,False,0.9325814048449198,0.6252501830458641
commons-dbutils,,9be04e5cc990deee3ba672aa8060c523db897b7a,/home/dorma10/mutation-analysis/projects/commons-dbutils/src/test/java/org/apache/commons/dbutils/DbUtilsTest.java,org.apache.commons.dbutils.DbUtilsTest,/home/dorma10/mutation-analysis/projects/commons-dbutils/src/main/java/org/apache/commons/dbutils/DbUtils.java,org.apache.commons.dbutils.DbUtils,0.3245033112582781,151.0,0.6162790697674418,False,True,False,False,False,False,False,True,434,2160.9276817749505,49,14,30,30,0,0,171,171,0,29,0.0718954248366013,0,0.0,0,0,0.0,19,0,0,0,57,327,903.3566389007306,156,15,123,123,0,0,528,528,0,13,-0.038306451612903226,0,0.0,0,0,0.0,33,0,0,0,85,False,False,False,False,False,True,False,False,0.9062818023893568,0.7246921352214284
commons-dbutils,,9be04e5cc990deee3ba672aa8060c523db897b7a,/home/dorma10/mutation-analysis/projects/commons-dbutils/src/test/java/org/apache/commons/dbutils/BasicRowProcessorTest.java,org.apache.commons.dbutils.BasicRowProcessorTest,/home/dorma10/mutation-analysis/projects/commons-dbutils/src/main/java/org/apache/commons/dbutils/BasicRowProcessor.java,org.apache.commons.dbutils.BasicRowProcessor,0.8175675675675675,148.0,0.6923076923076923,True,False,False,False,False,False,False,False,276,2507.5328203920217,21,8,13,13,2,1,25,22,3,4,-0.14285714285714285,3,0.20833333333333331,0,0,0.0,8,3,0,3,25,161,774.1697194288927,63,8,58,58,2,2,0,0,10,10,1.0,2,0.6,0,0,0.0,5,2,0,2,10,False,False,False,False,False,False,False,False,0.8537174718720573,0.5235241889953614
commons-dbutils,,9be04e5cc990deee3ba672aa8060c523db897b7a,/home/dorma10/mutation-analysis/projects/commons-dbutils/src/test/java/org/apache/commons/dbutils/ProxyFactoryTest.java,org.apache.commons.dbutils.ProxyFactoryTest,/home/dorma10/mutation-analysis/projects/commons-dbutils/src/main/java/org/apache/commons/dbutils/ProxyFactory.java,org.apache.commons.dbutils.ProxyFactory,0.951219512195122,41.0,0.75,True,True,False,False,False,False,False,False,135,766.4033111853926,21,9,11,11,0,0,45,45,0,7,-0.05555555555555555,9,0.1,0,0,0.0,10,1,0,1,20,66,286.19948812158015,29,2,21,21,1,1,7,0,21,21,0.6666666666666666,1,0.875,0,0,0.0,8,1,0,1,10,False,False,False,False,False,False,False,False,0.8871578007936478,0.6691557094454765
commons-dbutils,,9be04e5cc990deee3ba672aa8060c523db897b7a,/home/dorma10/mutation-analysis/projects/commons-dbutils/src/test/java/org/apache/commons/dbutils/StatementConfigurationTest.java,org.apache.commons.dbutils.StatementConfigurationTest,/home/dorma10/mutation-analysis/projects/commons-dbutils/src/main/java/org/apache/commons/dbutils/StatementConfiguration.java,org.apache.commons.dbutils.StatementConfiguration,0.9,100.0,1.0,True,True,False,False,False,False,True,False,205,1055.1660457357398,11,0,0,0,5,1,40,25,15,15,0.1111111111111111,2,0.2727272727272727,0,0,0.0,11,5,0,5,33,82,350.1250271387845,36,4,33,33,0,0,3,3,0,0,-2.0,0,0.0,0,0,0.0,3,0,0,0,4,False,False,False,False,False,False,False,False,0.9482691428240608,0.6478851636250814
commons-dbutils,,9be04e5cc990deee3ba672aa8060c523db897b7a,/home/dorma10/mutation-analysis/projects/commons-dbutils/src/test/java/org/apache/commons/dbutils/BaseResultSetHandlerTest.java,org.apache.commons.dbutils.BaseResultSetHandlerTest,/home/dorma10/mutation-analysis/projects/commons-dbutils/src/main/java/org/apache/commons/dbutils/BaseResultSetHandler.java,org.apache.commons.dbutils.BaseResultSetHandler,0.0,990.0,0.0,True,True,False,False,False,False,False,False,1973,5871.393456065673,382,21,190,190,1,1,191,0,18145,18146,0.9895287958115184,1,0.9947916666666666,0,0,0.0,192,1,0,1,486,71,310.40777174161184,7,6,6,6,0,0,0,0,0,0,1.0,0,0.0,0,0,0.0,1,0,0,0,3,False,False,False,True,True,True,False,False,0.9345563591147462,0.2788845896720886
commons-dbutils,,9be04e5cc990deee3ba672aa8060c523db897b7a,/home/dorma10/mutation-analysis/projects/commons-dbutils/src/test/java/org/apache/commons/dbutils/handlers/BeanListHandlerTest.java,org.apache.commons.dbutils.handlers.BeanListHandlerTest,/home/dorma10/mutation-analysis/projects/commons-dbutils/src/main/java/org/apache/commons/dbutils/handlers/BeanListHandler.java,org.apache.commons.dbutils.handlers.BeanListHandler,1.0,5.0,1.0,True,False,False,False,False,False,False,False,85,617.9547244040473,4,5,1,1,2,2,0,0,3,3,1.0,1,0.8333333333333334,0,0,0.0,3,2,0,2,8,138,380.3391600081089,51,6,47,47,0,0,6,6,0,0,-1.0,0,0.0,0,0,0.0,4,0,0,0,8,False,False,False,False,False,False,False,False,0.927249272664388,0.5697787702083588
commons-dbutils,,9be04e5cc990deee3ba672aa8060c523db897b7a,/home/dorma10/mutation-analysis/projects/commons-dbutils/src/test/java/org/apache/commons/dbutils/handlers/KeyedHandlerTest.java,org.apache.commons.dbutils.handlers.KeyedHandlerTest,/home/dorma10/mutation-analysis/projects/commons-dbutils/src/main/java/org/apache/commons/dbutils/handlers/KeyedHandler.java,org.apache.commons.dbutils.handlers.KeyedHandler,0.7659574468085106,47.0,1.0,True,False,False,False,False,False,False,False,161,1713.1662924248853,9,4,2,2,3,3,13,5,8,8,0.13333333333333333,2,0.42857142857142855,0,0,0.0,7,3,0,0,15,122,368.60060285462527,47,7,42,42,0,0,10,10,0,0,-0.6666666666666666,0,0.0,0,0,0.0,5,0,0,0,14,False,False,False,False,False,False,False,False,0.93881356716156,0.12862173467874527
commons-dbutils,,9be04e5cc990deee3ba672aa8060c523db897b7a,/home/dorma10/mutation-analysis/projects/commons-dbutils/src/test/java/org/apache/commons/dbutils/handlers/BeanMapHandlerTest.java,org.apache.commons.dbutils.handlers.BeanMapHandlerTest,/home/dorma10/mutation-analysis/projects/commons-dbutils/src/main/java/org/apache/commons/dbutils/handlers/BeanMapHandler.java,org.apache.commons.dbutils.handlers.BeanMapHandler,0.6458333333333334,48.0,1.0,True,False,False,False,False,False,False,False,185,1710.4214505715224,9,3,2,2,4,4,3,0,18,18,0.8,1,0.5357142857142857,0,0,0.0,7,4,0,4,16,90,256.06158701194687,30,11,23,23,5,5,3,0,18,18,0.8,1,0.4,0,0,0.0,7,5,0,5,15,False,False,False,False,False,False,False,False,0.9028562903404236,0.6718598348753793
commons-dbutils,,9be04e5cc990deee3ba672aa8060c523db897b7a,/home/dorma10/mutation-analysis/projects/commons-dbutils/src/test/java/org/apache/commons/dbutils/handlers/MapListHandlerTest.java,org.apache.commons.dbutils.handlers.MapListHandlerTest,/home/dorma10/mutation-analysis/projects/commons-dbutils/src/main/java/org/apache/commons/dbutils/handlers/MapListHandler.java,org.apache.commons.dbutils.handlers.MapListHandler,1.0,4.0,1.0,True,False,False,False,False,False,False,False,73,466.864722525668,4,4,1,1,1,1,2,1,1,1,-1.0,1,0.6666666666666666,0,0,0.0,3,1,0,1,7,67,210.28501251353543,17,6,15,15,0,0,1,1,0,0,-2.0,0,0.0,0,0,0.0,2,0,0,0,4,False,False,False,False,False,False,False,False,0.9496936798095704,0.24769575893878934
commons-dbutils,,9be04e5cc990deee3ba672aa8060c523db897b7a,/home/dorma10/mutation-analysis/projects/commons-dbutils/src/test/java/org/apache/commons/dbutils/handlers/BeanHandlerTest.java,org.apache.commons.dbutils.handlers.BeanHandlerTest,/home/dorma10/mutation-analysis/projects/commons-dbutils/src/main/java/org/apache/commons/dbutils/handlers/BeanHandler.java,org.apache.commons.dbutils.handlers.BeanHandler,0.9230769230769232,13.0,1.0,True,False,False,False,False,False,False,False,83,672.8424773528789,5,4,2,2,2,2,0,0,3,3,1.0,1,0.8333333333333334,0,0,0.0,3,2,0,2,8,81,266.15049895692044,27,4,23,23,0,0,6,6,0,0,-1.0,0,0.0,0,0,0.0,4,0,0,0,8,False,False,False,False,False,False,False,False,0.9392649134000144,0.7037396244704723
commons-dbutils,,9be04e5cc990deee3ba672aa8060c523db897b7a,/home/dorma10/mutation-analysis/projects/commons-dbutils/src/test/java/org/apache/commons/dbutils/handlers/MapHandlerTest.java,org.apache.commons.dbutils.handlers.MapHandlerTest,/home/dorma10/mutation-analysis/projects/commons-dbutils/src/main/java/org/apache/commons/dbutils/handlers/MapHandler.java,org.apache.commons.dbutils.handlers.MapHandler,0.9166666666666666,12.0,1.0,True,False,False,False,False,False,False,False,76,534.6237872971736,5,5,2,2,1,1,2,1,1,1,-1.0,1,0.6666666666666666,0,0,0.0,3,1,0,1,7,48,139.41468245406693,10,4,8,8,0,0,1,1,0,0,-2.0,0,0.0,0,0,0.0,2,0,0,0,4,False,False,False,False,False,False,False,False,0.9465018709500632,0.483559399843216
commons-dbutils,,9be04e5cc990deee3ba672aa8060c523db897b7a,/home/dorma10/mutation-analysis/projects/commons-dbutils/src/test/java/org/apache/commons/dbutils/handlers/ArrayHandlerTest.java,org.apache.commons.dbutils.handlers.ArrayHandlerTest,/home/dorma10/mutation-analysis/projects/commons-dbutils/src/main/java/org/apache/commons/dbutils/handlers/ArrayHandler.java,org.apache.commons.dbutils.handlers.ArrayHandler,0.9230769230769232,13.0,1.0,True,False,False,False,False,False,False,False,86,709.2817337802785,5,5,2,2,3,2,2,1,1,1,-1.0,1,0.4444444444444444,0,0,0.0,3,3,0,2,7,51,139.41468245406693,9,6,7,7,0,0,1,1,0,0,-2.0,0,0.0,0,0,0.0,2,0,0,0,4,False,False,False,False,False,False,False,False,0.9615122079849244,0.6830295324325562
commons-dbutils,,9be04e5cc990deee3ba672aa8060c523db897b7a,/home/dorma10/mutation-analysis/projects/commons-dbutils/src/test/java/org/apache/commons/dbutils/handlers/ColumnListHandlerTest.java,org.apache.commons.dbutils.handlers.ColumnListHandlerTest,/home/dorma10/mutation-analysis/projects/commons-dbutils/src/main/java/org/apache/commons/dbutils/handlers/ColumnListHandler.java,org.apache.commons.dbutils.handlers.ColumnListHandler,0.7435897435897436,39.0,1.0,True,False,False,False,False,False,False,False,105,765.883479532562,6,2,1,1,2,2,5,0,5,5,0.16666666666666666,2,0.6,0,0,0.0,5,2,0,2,9,71,212.09395230448052,23,4,19,19,0,0,6,6,0,0,-1.0,0,0.0,0,0,0.0,4,0,0,0,8,False,False,False,False,False,False,False,False,0.928160560131073,0.4851154014468193
commons-dbutils,,9be04e5cc990deee3ba672aa8060c523db897b7a,/home/dorma10/mutation-analysis/projects/commons-dbutils/src/test/java/org/apache/commons/dbutils/handlers/ScalarHandlerTest.java,org.apache.commons.dbutils.handlers.ScalarHandlerTest,/home/dorma10/mutation-analysis/projects/commons-dbutils/src/main/java/org/apache/commons/dbutils/handlers/ScalarHandler.java,org.apache.commons.dbutils.handlers.ScalarHandler,0.7346938775510204,49.0,1.0,True,False,False,False,False,False,False,False,110,786.1359536573901,7,3,2,2,2,2,5,0,5,5,0.16666666666666666,2,0.6,0,0,0.0,5,2,0,2,10,53,148.92465238673097,16,3,12,12,0,0,6,6,0,0,-1.0,0,0.0,0,0,0.0,4,0,0,0,8,False,False,False,False,False,False,False,False,0.9426777958869934,0.5903845280408859
commons-dbutils,,9be04e5cc990deee3ba672aa8060c523db897b7a,/home/dorma10/mutation-analysis/projects/commons-dbutils/src/test/java/org/apache/commons/dbutils/handlers/ArrayListHandlerTest.java,org.apache.commons.dbutils.handlers.ArrayListHandlerTest,/home/dorma10/mutation-analysis/projects/commons-dbutils/src/main/java/org/apache/commons/dbutils/handlers/ArrayListHandler.java,org.apache.commons.dbutils.handlers.ArrayListHandler,1.0,4.0,1.0,True,False,False,False,False,False,False,False,72,460.6773261990708,4,3,1,1,1,1,2,1,1,1,-1.0,1,0.6666666666666666,0,0,0.0,3,1,0,1,7,66,210.28501251353543,15,5,13,13,0,0,1,1,0,0,-2.0,0,0.0,0,0,0.0,2,0,0,0,4,False,False,False,False,False,False,False,False,0.9594875772794088,0.4090825766324997
commons-dbutils,,9be04e5cc990deee3ba672aa8060c523db897b7a,/home/dorma10/mutation-analysis/projects/commons-dbutils/src/test/java/org/apache/commons/dbutils/handlers/properties/DatePropertyHandlerTest.java,org.apache.commons.dbutils.handlers.properties.DatePropertyHandlerTest,/home/dorma10/mutation-analysis/projects/commons-dbutils/src/main/java/org/apache/commons/dbutils/handlers/properties/DatePropertyHandler.java,org.apache.commons.dbutils.handlers.properties.DatePropertyHandler,0.728,125.0,1.0,True,False,False,False,False,False,False,False,66,349.9558490326484,8,3,6,6,0,0,1,1,0,0,-2.0,0,0.0,0,0,0.0,2,0,0,0,9,73,197.29955857026908,23,8,16,16,2,2,0,0,21,21,1.0,0,1.0,0,0,0.0,7,2,0,2,11,False,False,False,False,False,False,False,False,0.6734459102153778,0.7511074713298252
commons-dbutils,,9be04e5cc990deee3ba672aa8060c523db897b7a,/home/dorma10/mutation-analysis/projects/commons-dbutils/src/test/java/org/apache/commons/dbutils/handlers/properties/StringEnumPropertyHandlerTest.java,org.apache.commons.dbutils.handlers.properties.StringEnumPropertyHandlerTest,/home/dorma10/mutation-analysis/projects/commons-dbutils/src/main/java/org/apache/commons/dbutils/handlers/properties/StringEnumPropertyHandler.java,org.apache.commons.dbutils.handlers.properties.StringEnumPropertyHandler,0.7222222222222222,36.0,0.6666666666666666,True,False,False,False,False,False,True,False,35,161.58225432926974,5,1,3,3,0,0,1,1,0,0,-2.0,0,0.0,0,0,0.0,2,0,0,0,5,44,80.401469326271,8,4,5,5,1,1,0,0,3,3,1.0,0,1.0,0,0,0.0,3,1,0,1,4,False,False,False,False,False,False,False,False,0.7607351541519165,0.8393933971722921
commons-dbutils,,9be04e5cc990deee3ba672aa8060c523db897b7a,/home/dorma10/mutation-analysis/projects/commons-dbutils/src/test/java/org/apache/commons/dbutils/handlers/columns/ByteColumnHandlerTest.java,org.apache.commons.dbutils.handlers.columns.ByteColumnHandlerTest,/home/dorma10/mutation-analysis/projects/commons-dbutils/src/main/java/org/apache/commons/dbutils/handlers/columns/ByteColumnHandler.java,org.apache.commons.dbutils.handlers.columns.ByteColumnHandler,0.675,40.0,1.0,True,False,False,False,False,False,False,False,34,107.80413284788165,5,3,3,3,0,0,1,1,0,0,-2.0,0,0.0,0,0,0.0,2,0,0,0,5,38,75.2538977075783,8,5,6,6,0,0,1,1,0,0,-2.0,0,0.0,0,0,0.0,2,0,0,0,3,False,False,False,False,False,False,False,False,0.772259920835495,0.8089497983455658
commons-dbutils,,9be04e5cc990deee3ba672aa8060c523db897b7a,/home/dorma10/mutation-analysis/projects/commons-dbutils/src/test/java/org/apache/commons/dbutils/handlers/columns/FloatColumnHandlerTest.java,org.apache.commons.dbutils.handlers.columns.FloatColumnHandlerTest,/home/dorma10/mutation-analysis/projects/commons-dbutils/src/main/java/org/apache/commons/dbutils/handlers/columns/FloatColumnHandler.java,org.apache.commons.dbutils.handlers.columns.FloatColumnHandler,0.675,40.0,1.0,True,False,False,False,False,False,False,False,34,107.80413284788165,5,3,3,3,0,0,1,1,0,0,-2.0,0,0.0,0,0,0.0,2,0,0,0,5,38,75.2538977075783,8,5,6,6,0,0,1,1,0,0,-2.0,0,0.0,0,0,0.0,2,0,0,0,3,False,False,False,False,False,False,False,False,0.7658837735652924,0.8002442717552185
commons-dbutils,,9be04e5cc990deee3ba672aa8060c523db897b7a,/home/dorma10/mutation-analysis/projects/commons-dbutils/src/test/java/org/apache/commons/dbutils/handlers/columns/LongColumnHandlerTest.java,org.apache.commons.dbutils.handlers.columns.LongColumnHandlerTest,/home/dorma10/mutation-analysis/projects/commons-dbutils/src/main/java/org/apache/commons/dbutils/handlers/columns/LongColumnHandler.java,org.apache.commons.dbutils.handlers.columns.LongColumnHandler,0.675,40.0,1.0,True,False,False,False,False,False,False,False,34,107.80413284788165,5,3,3,3,0,0,1,1,0,0,-2.0,0,0.0,0,0,0.0,2,0,0,0,5,38,75.2538977075783,8,5,6,6,0,0,1,1,0,0,-2.0,0,0.0,0,0,0.0,2,0,0,0,3,False,False,False,False,False,False,False,False,0.7714700698852539,0.8080005943775177
commons-dbutils,,9be04e5cc990deee3ba672aa8060c523db897b7a,/home/dorma10/mutation-analysis/projects/commons-dbutils/src/test/java/org/apache/commons/dbutils/handlers/columns/ShortColumnHandlerTest.java,org.apache.commons.dbutils.handlers.columns.ShortColumnHandlerTest,/home/dorma10/mutation-analysis/projects/commons-dbutils/src/main/java/org/apache/commons/dbutils/handlers/columns/ShortColumnHandler.java,org.apache.commons.dbutils.handlers.columns.ShortColumnHandler,0.675,40.0,1.0,True,False,False,False,False,False,False,False,34,107.80413284788165,5,3,3,3,0,0,1,1,0,0,-2.0,0,0.0,0,0,0.0,2,0,0,0,5,38,75.2538977075783,8,5,6,6,0,0,1,1,0,0,-2.0,0,0.0,0,0,0.0,2,0,0,0,3,False,False,False,False,False,False,False,False,0.7642326354980469,0.8002442717552185
commons-dbutils,,9be04e5cc990deee3ba672aa8060c523db897b7a,/home/dorma10/mutation-analysis/projects/commons-dbutils/src/test/java/org/apache/commons/dbutils/handlers/columns/TimestampColumnHandlerTest.java,org.apache.commons.dbutils.handlers.columns.TimestampColumnHandlerTest,/home/dorma10/mutation-analysis/projects/commons-dbutils/src/main/java/org/apache/commons/dbutils/handlers/columns/TimestampColumnHandler.java,org.apache.commons.dbutils.handlers.columns.TimestampColumnHandler,0.8333333333333334,12.0,1.0,True,False,False,False,False,False,False,False,35,98.9732247340283,4,4,2,2,0,0,1,1,0,0,-2.0,0,0.0,0,0,0.0,2,0,0,0,5,41,83.66448167370687,9,7,7,7,0,0,1,1,0,0,-2.0,0,0.0,0,0,0.0,2,0,0,0,3,False,False,False,False,False,False,False,False,0.8441526889801025,0.7207872271537781
commons-dbutils,,9be04e5cc990deee3ba672aa8060c523db897b7a,/home/dorma10/mutation-analysis/projects/commons-dbutils/src/test/java/org/apache/commons/dbutils/handlers/columns/IntegerColumnHandlerTest.java,org.apache.commons.dbutils.handlers.columns.IntegerColumnHandlerTest,/home/dorma10/mutation-analysis/projects/commons-dbutils/src/main/java/org/apache/commons/dbutils/handlers/columns/IntegerColumnHandler.java,org.apache.commons.dbutils.handlers.columns.IntegerColumnHandler,0.6585365853658537,41.0,1.0,True,False,False,False,False,False,False,False,34,107.80413284788165,5,3,3,3,0,0,1,1,0,0,-2.0,0,0.0,0,0,0.0,2,0,0,0,5,45,89.0376232508815,11,6,8,8,0,0,3,3,0,0,-2.0,0,0.0,0,0,0.0,3,0,0,0,4,False,False,False,False,False,False,False,False,0.7550296783447266,0.8056696852048238
commons-dbutils,,9be04e5cc990deee3ba672aa8060c523db897b7a,/home/dorma10/mutation-analysis/projects/commons-dbutils/src/test/java/org/apache/commons/dbutils/handlers/columns/DoubleColumnHandlerTest.java,org.apache.commons.dbutils.handlers.columns.DoubleColumnHandlerTest,/home/dorma10/mutation-analysis/projects/commons-dbutils/src/main/java/org/apache/commons/dbutils/handlers/columns/DoubleColumnHandler.java,org.apache.commons.dbutils.handlers.columns.DoubleColumnHandler,0.675,40.0,1.0,True,False,False,False,False,False,False,False,34,107.80413284788165,5,3,3,3,0,0,1,1,0,0,-2.0,0,0.0,0,0,0.0,2,0,0,0,5,38,75.2538977075783,8,5,6,6,0,0,1,1,0,0,-2.0,0,0.0,0,0,0.0,2,0,0,0,3,False,False,False,False,False,False,False,False,0.7554261088371277,0.7900194823741913
commons-dbutils,,9be04e5cc990deee3ba672aa8060c523db897b7a,/home/dorma10/mutation-analysis/projects/commons-dbutils/src/test/java/org/apache/commons/dbutils/handlers/columns/BooleanColumnHandlerTest.java,org.apache.commons.dbutils.handlers.columns.BooleanColumnHandlerTest,/home/dorma10/mutation-analysis/projects/commons-dbutils/src/main/java/org/apache/commons/dbutils/handlers/columns/BooleanColumnHandler.java,org.apache.commons.dbutils.handlers.columns.BooleanColumnHandler,0.675,40.0,1.0,True,False,False,False,False,False,False,False,34,107.80413284788165,5,3,3,3,0,0,1,1,0,0,-2.0,0,0.0,0,0,0.0,2,0,0,0,5,38,75.2538977075783,8,5,6,6,0,0,1,1,0,0,-2.0,0,0.0,0,0,0.0,2,0,0,0,3,False,False,False,False,False,False,False,False,0.7482465505599976,0.7674449682235718
commons-dbutils,,9be04e5cc990deee3ba672aa8060c523db897b7a,/home/dorma10/mutation-analysis/projects/commons-dbutils/src/test/java/org/apache/commons/dbutils/handlers/columns/SQLXMLColumnHandlerTest.java,org.apache.commons.dbutils.handlers.columns.SQLXMLColumnHandlerTest,/home/dorma10/mutation-analysis/projects/commons-dbutils/src/main/java/org/apache/commons/dbutils/handlers/columns/SQLXMLColumnHandler.java,org.apache.commons.dbutils.handlers.columns.SQLXMLColumnHandler,0.8333333333333334,12.0,1.0,True,False,False,False,False,False,False,False,35,98.9732247340283,4,4,2,2,0,0,1,1,0,0,-2.0,0,0.0,0,0,0.0,2,0,0,0,5,44,92.83930166760771,9,7,7,7,1,1,1,1,0,0,-2.0,1,0.5,0,0,0.0,2,1,0,1,3,False,False,False,False,False,False,False,False,0.8530911803245544,0.7439281344413757
commons-dbutils,,9be04e5cc990deee3ba672aa8060c523db897b7a,/home/dorma10/mutation-analysis/projects/commons-dbutils/src/test/java/org/apache/commons/dbutils/handlers/columns/StringColumnHandlerTest.java,org.apache.commons.dbutils.handlers.columns.StringColumnHandlerTest,/home/dorma10/mutation-analysis/projects/commons-dbutils/src/main/java/org/apache/commons/dbutils/handlers/columns/StringColumnHandler.java,org.apache.commons.dbutils.handlers.columns.StringColumnHandler,0.8333333333333334,12.0,1.0,True,False,False,False,False,False,False,False,34,98.9732247340283,4,3,2,2,0,0,1,1,0,0,-2.0,0,0.0,0,0,0.0,2,0,0,0,5,38,75.2538977075783,8,5,6,6,0,0,1,1,0,0,-2.0,0,0.0,0,0,0.0,2,0,0,0,3,False,False,False,False,False,False,False,False,0.8530911803245544,0.7995139360427856
commons-dbutils,,9be04e5cc990deee3ba672aa8060c523db897b7a,/home/dorma10/mutation-analysis/projects/commons-dbutils/src/test/java/org/apache/commons/dbutils/wrappers/StringTrimmedResultSetTest.java,org.apache.commons.dbutils.wrappers.StringTrimmedResultSetTest,/home/dorma10/mutation-analysis/projects/commons-dbutils/src/main/java/org/apache/commons/dbutils/wrappers/StringTrimmedResultSet.java,org.apache.commons.dbutils.wrappers.StringTrimmedResultSet,0.7692307692307693,39.0,1.0,False,False,False,False,False,False,False,False,109,935.5936998692488,8,4,5,5,2,2,0,0,3,3,1.0,1,0.6666666666666666,0,0,0.0,3,2,0,2,10,69,295.6352211094323,19,5,15,15,0,0,6,6,0,0,-1.0,0,0.0,0,0,0.0,4,0,0,0,9,False,False,False,False,False,False,False,False,0.9410985112190248,0.8640798777341843
commons-dbutils,,9be04e5cc990deee3ba672aa8060c523db897b7a,/home/dorma10/mutation-analysis/projects/commons-dbutils/src/test/java/org/apache/commons/dbutils/wrappers/SqlNullCheckedResultSetTest.java,org.apache.commons.dbutils.wrappers.SqlNullCheckedResultSetTest,/home/dorma10/mutation-analysis/projects/commons-dbutils/src/main/java/org/apache/commons/dbutils/wrappers/SqlNullCheckedResultSet.java,org.apache.commons.dbutils.wrappers.SqlNullCheckedResultSet,0.8485915492957746,284.0,1.0,True,True,False,False,False,False,False,False,623,3504.443953925625,62,16,17,17,25,23,966,942,24,24,-0.021141649048625796,1,0.041777777777777775,0,0,0.0,45,25,0,25,99,1049,3427.1038725130793,300,25,256,256,1,1,85,0,861,863,0.9080841638981174,2,0.9545454545454546,0,0,0.0,44,1,0,1,99,False,False,False,True,False,True,False,False,0.9529776189062329,0.7949036704759075
